package,version,license,source
@astrojs/check,0.9.10,MIT,website/package-lock.json
@astrojs/compiler,2.13.1,MIT,website/package-lock.json
@astrojs/compiler-binding,0.4.0,MIT,website/package-lock.json
@astrojs/compiler-binding-darwin-arm64,0.4.0,MIT,website/package-lock.json
@astrojs/compiler-binding-darwin-x64,0.4.0,MIT,website/package-lock.json
@astrojs/compiler-binding-linux-arm64-gnu,0.4.0,MIT,website/package-lock.json
@astrojs/compiler-binding-linux-arm64-musl,0.4.0,MIT,website/package-lock.json
@astrojs/compiler-binding-linux-x64-gnu,0.4.0,MIT,website/package-lock.json
@astrojs/compiler-binding-linux-x64-musl,0.4.0,MIT,website/package-lock.json
@astrojs/compiler-binding-wasm32-wasi,0.4.0,MIT,website/package-lock.json
@astrojs/compiler-binding-win32-arm64-msvc,0.4.0,MIT,website/package-lock.json
@astrojs/compiler-binding-win32-x64-msvc,0.4.0,MIT,website/package-lock.json
@astrojs/compiler-rs,0.4.0,MIT,website/package-lock.json
@astrojs/internal-helpers,0.10.4,MIT,website/package-lock.json
@astrojs/language-server,2.16.15,MIT,website/package-lock.json
@astrojs/markdown-satteri,0.3.8,MIT,website/package-lock.json
@astrojs/prism,4.0.2,MIT,website/package-lock.json
@astrojs/telemetry,3.3.3,MIT,website/package-lock.json
@astrojs/yaml2ts,0.2.4,MIT,website/package-lock.json
@axe-core/playwright,4.13.0,MPL-2.0,website/package-lock.json
@babel/helper-string-parser,7.29.7,MIT,website/package-lock.json
@babel/helper-validator-identifier,7.29.7,MIT,website/package-lock.json
@babel/parser,7.29.8,MIT,website/package-lock.json
@babel/types,7.29.8,MIT,website/package-lock.json
@bruits/satteri-darwin-arm64,0.10.5,MIT,website/package-lock.json
@bruits/satteri-darwin-x64,0.10.5,MIT,website/package-lock.json
@bruits/satteri-linux-arm64-gnu,0.10.5,MIT,website/package-lock.json
@bruits/satteri-linux-arm64-musl,0.10.5,MIT,website/package-lock.json
@bruits/satteri-linux-x64-gnu,0.10.5,MIT,website/package-lock.json
@bruits/satteri-linux-x64-musl,0.10.5,MIT,website/package-lock.json
@bruits/satteri-wasm32-wasi,0.10.5,MIT,website/package-lock.json
@bruits/satteri-win32-arm64-msvc,0.10.5,MIT,website/package-lock.json
@bruits/satteri-win32-x64-msvc,0.10.5,MIT,website/package-lock.json
@capsizecss/unpack,4.0.1,MIT,website/package-lock.json
@clack/core,1.4.3,MIT,website/package-lock.json
@clack/prompts,1.7.0,MIT,website/package-lock.json
@cloudflare/kv-asset-handler,0.5.0,MIT OR Apache-2.0,website/package-lock.json
@cloudflare/unenv-preset,2.16.1,MIT OR Apache-2.0,website/package-lock.json
@cloudflare/workerd-darwin-64,1.20260831.1,Apache-2.0,website/package-lock.json
@cloudflare/workerd-darwin-arm64,1.20260831.1,Apache-2.0,website/package-lock.json
@cloudflare/workerd-linux-64,1.20260831.1,Apache-2.0,website/package-lock.json
@cloudflare/workerd-linux-arm64,1.20260831.1,Apache-2.0,website/package-lock.json
@cloudflare/workerd-windows-64,1.20260831.1,Apache-2.0,website/package-lock.json
@cloudflare/workers-types,5.20260903.1,MIT OR Apache-2.0,website/package-lock.json
@cspotcode/source-map-support,0.8.1,MIT,website/package-lock.json
@emmetio/abbreviation,2.3.3,MIT,website/package-lock.json
@emmetio/css-abbreviation,2.1.8,MIT,website/package-lock.json
@emmetio/css-parser,0.4.1,MIT,website/package-lock.json
@emmetio/html-matcher,1.3.0,ISC,website/package-lock.json
@emmetio/scanner,1.0.4,MIT,website/package-lock.json
@emmetio/stream-reader,2.2.0,MIT,website/package-lock.json
@emmetio/stream-reader-utils,0.1.0,MIT,website/package-lock.json
@emnapi/core,1.11.1,MIT,website/package-lock.json
@emnapi/core,1.11.3,MIT,website/package-lock.json
@emnapi/runtime,1.11.1,MIT,website/package-lock.json
@emnapi/runtime,1.11.3,MIT,website/package-lock.json
@emnapi/wasi-threads,1.2.2,MIT,website/package-lock.json
@emnapi/wasi-threads,1.2.3,MIT,website/package-lock.json
@esbuild/aix-ppc64,0.28.1,MIT,website/package-lock.json
@esbuild/aix-ppc64,0.28.2,MIT,website/package-lock.json
@esbuild/android-arm,0.28.1,MIT,website/package-lock.json
@esbuild/android-arm,0.28.2,MIT,website/package-lock.json
@esbuild/android-arm64,0.28.1,MIT,website/package-lock.json
@esbuild/android-arm64,0.28.2,MIT,website/package-lock.json
@esbuild/android-x64,0.28.1,MIT,website/package-lock.json
@esbuild/android-x64,0.28.2,MIT,website/package-lock.json
@esbuild/darwin-arm64,0.28.1,MIT,website/package-lock.json
@esbuild/darwin-arm64,0.28.2,MIT,website/package-lock.json
@esbuild/darwin-x64,0.28.1,MIT,website/package-lock.json
@esbuild/darwin-x64,0.28.2,MIT,website/package-lock.json
@esbuild/freebsd-arm64,0.28.1,MIT,website/package-lock.json
@esbuild/freebsd-arm64,0.28.2,MIT,website/package-lock.json
@esbuild/freebsd-x64,0.28.1,MIT,website/package-lock.json
@esbuild/freebsd-x64,0.28.2,MIT,website/package-lock.json
@esbuild/linux-arm,0.28.1,MIT,website/package-lock.json
@esbuild/linux-arm,0.28.2,MIT,website/package-lock.json
@esbuild/linux-arm64,0.28.1,MIT,website/package-lock.json
@esbuild/linux-arm64,0.28.2,MIT,website/package-lock.json
@esbuild/linux-ia32,0.28.1,MIT,website/package-lock.json
@esbuild/linux-ia32,0.28.2,MIT,website/package-lock.json
@esbuild/linux-loong64,0.28.1,MIT,website/package-lock.json
@esbuild/linux-loong64,0.28.2,MIT,website/package-lock.json
@esbuild/linux-mips64el,0.28.1,MIT,website/package-lock.json
@esbuild/linux-mips64el,0.28.2,MIT,website/package-lock.json
@esbuild/linux-ppc64,0.28.1,MIT,website/package-lock.json
@esbuild/linux-ppc64,0.28.2,MIT,website/package-lock.json
@esbuild/linux-riscv64,0.28.1,MIT,website/package-lock.json
@esbuild/linux-riscv64,0.28.2,MIT,website/package-lock.json
@esbuild/linux-s390x,0.28.1,MIT,website/package-lock.json
@esbuild/linux-s390x,0.28.2,MIT,website/package-lock.json
@esbuild/linux-x64,0.28.1,MIT,website/package-lock.json
@esbuild/linux-x64,0.28.2,MIT,website/package-lock.json
@esbuild/netbsd-arm64,0.28.1,MIT,website/package-lock.json
@esbuild/netbsd-arm64,0.28.2,MIT,website/package-lock.json
@esbuild/netbsd-x64,0.28.1,MIT,website/package-lock.json
@esbuild/netbsd-x64,0.28.2,MIT,website/package-lock.json
@esbuild/openbsd-arm64,0.28.1,MIT,website/package-lock.json
@esbuild/openbsd-arm64,0.28.2,MIT,website/package-lock.json
@esbuild/openbsd-x64,0.28.1,MIT,website/package-lock.json
@esbuild/openbsd-x64,0.28.2,MIT,website/package-lock.json
@esbuild/openharmony-arm64,0.28.1,MIT,website/package-lock.json
@esbuild/openharmony-arm64,0.28.2,MIT,website/package-lock.json
@esbuild/sunos-x64,0.28.1,MIT,website/package-lock.json
@esbuild/sunos-x64,0.28.2,MIT,website/package-lock.json
@esbuild/win32-arm64,0.28.1,MIT,website/package-lock.json
@esbuild/win32-arm64,0.28.2,MIT,website/package-lock.json
@esbuild/win32-ia32,0.28.1,MIT,website/package-lock.json
@esbuild/win32-ia32,0.28.2,MIT,website/package-lock.json
@esbuild/win32-x64,0.28.1,MIT,website/package-lock.json
@esbuild/win32-x64,0.28.2,MIT,website/package-lock.json
@eslint-community/eslint-utils,4.10.1,MIT,website/package-lock.json
@eslint-community/regexpp,4.12.2,MIT,website/package-lock.json
@eslint/config-array,0.23.5,Apache-2.0,website/package-lock.json
@eslint/config-helpers,0.7.0,Apache-2.0,website/package-lock.json
@eslint/core,1.2.1,Apache-2.0,website/package-lock.json
@eslint/js,10.0.1,MIT,website/package-lock.json
@eslint/object-schema,3.0.5,Apache-2.0,website/package-lock.json
@eslint/plugin-kit,0.7.2,Apache-2.0,website/package-lock.json
@humanfs/core,0.19.2,Apache-2.0,website/package-lock.json
@humanfs/node,0.16.8,Apache-2.0,website/package-lock.json
@humanfs/types,0.15.0,Apache-2.0,website/package-lock.json
@humanwhocodes/module-importer,1.0.1,Apache-2.0,website/package-lock.json
@humanwhocodes/retry,0.4.3,Apache-2.0,website/package-lock.json
@img/colour,1.1.0,MIT,website/package-lock.json
@img/sharp-darwin-arm64,0.35.2,Apache-2.0,website/package-lock.json
@img/sharp-darwin-arm64,0.35.4,Apache-2.0,website/package-lock.json
@img/sharp-darwin-x64,0.35.2,Apache-2.0,website/package-lock.json
@img/sharp-darwin-x64,0.35.4,Apache-2.0,website/package-lock.json
@img/sharp-freebsd-wasm32,0.35.2,Apache-2.0,website/package-lock.json
@img/sharp-freebsd-wasm32,0.35.4,Apache-2.0,website/package-lock.json
@img/sharp-libvips-darwin-arm64,1.3.1,LGPL-3.0-or-later,website/package-lock.json
@img/sharp-libvips-darwin-arm64,1.3.3,LGPL-3.0-or-later,website/package-lock.json
@img/sharp-libvips-darwin-x64,1.3.1,LGPL-3.0-or-later,website/package-lock.json
@img/sharp-libvips-darwin-x64,1.3.3,LGPL-3.0-or-later,website/package-lock.json
@img/sharp-libvips-linux-arm,1.3.1,LGPL-3.0-or-later,website/package-lock.json
@img/sharp-libvips-linux-arm,1.3.3,LGPL-3.0-or-later,website/package-lock.json
@img/sharp-libvips-linux-arm64,1.3.1,LGPL-3.0-or-later,website/package-lock.json
@img/sharp-libvips-linux-arm64,1.3.3,LGPL-3.0-or-later,website/package-lock.json
@img/sharp-libvips-linux-ppc64,1.3.1,LGPL-3.0-or-later,website/package-lock.json
@img/sharp-libvips-linux-ppc64,1.3.3,LGPL-3.0-or-later,website/package-lock.json
@img/sharp-libvips-linux-riscv64,1.3.1,LGPL-3.0-or-later,website/package-lock.json
@img/sharp-libvips-linux-riscv64,1.3.3,LGPL-3.0-or-later,website/package-lock.json
@img/sharp-libvips-linux-s390x,1.3.1,LGPL-3.0-or-later,website/package-lock.json
@img/sharp-libvips-linux-s390x,1.3.3,LGPL-3.0-or-later,website/package-lock.json
@img/sharp-libvips-linux-x64,1.3.1,LGPL-3.0-or-later,website/package-lock.json
@img/sharp-libvips-linux-x64,1.3.3,LGPL-3.0-or-later,website/package-lock.json
@img/sharp-libvips-linuxmusl-arm64,1.3.1,LGPL-3.0-or-later,website/package-lock.json
@img/sharp-libvips-linuxmusl-arm64,1.3.3,LGPL-3.0-or-later,website/package-lock.json
@img/sharp-libvips-linuxmusl-x64,1.3.1,LGPL-3.0-or-later,website/package-lock.json
@img/sharp-libvips-linuxmusl-x64,1.3.3,LGPL-3.0-or-later,website/package-lock.json
@img/sharp-linux-arm,0.35.2,Apache-2.0,website/package-lock.json
@img/sharp-linux-arm,0.35.4,Apache-2.0,website/package-lock.json
@img/sharp-linux-arm64,0.35.2,Apache-2.0,website/package-lock.json
@img/sharp-linux-arm64,0.35.4,Apache-2.0,website/package-lock.json
@img/sharp-linux-ppc64,0.35.2,Apache-2.0,website/package-lock.json
@img/sharp-linux-ppc64,0.35.4,Apache-2.0,website/package-lock.json
@img/sharp-linux-riscv64,0.35.2,Apache-2.0,website/package-lock.json
@img/sharp-linux-riscv64,0.35.4,Apache-2.0,website/package-lock.json
@img/sharp-linux-s390x,0.35.2,Apache-2.0,website/package-lock.json
@img/sharp-linux-s390x,0.35.4,Apache-2.0,website/package-lock.json
@img/sharp-linux-x64,0.35.2,Apache-2.0,website/package-lock.json
@img/sharp-linux-x64,0.35.4,Apache-2.0,website/package-lock.json
@img/sharp-linuxmusl-arm64,0.35.2,Apache-2.0,website/package-lock.json
@img/sharp-linuxmusl-arm64,0.35.4,Apache-2.0,website/package-lock.json
@img/sharp-linuxmusl-x64,0.35.2,Apache-2.0,website/package-lock.json
@img/sharp-linuxmusl-x64,0.35.4,Apache-2.0,website/package-lock.json
@img/sharp-wasm32,0.35.2,Apache-2.0 AND LGPL-3.0-or-later AND MIT,website/package-lock.json
@img/sharp-wasm32,0.35.4,Apache-2.0 AND LGPL-3.0-or-later AND MIT,website/package-lock.json
@img/sharp-webcontainers-wasm32,0.35.2,Apache-2.0,website/package-lock.json
@img/sharp-webcontainers-wasm32,0.35.4,Apache-2.0,website/package-lock.json
@img/sharp-win32-arm64,0.35.2,Apache-2.0 AND LGPL-3.0-or-later,website/package-lock.json
@img/sharp-win32-arm64,0.35.4,Apache-2.0 AND LGPL-3.0-or-later,website/package-lock.json
@img/sharp-win32-ia32,0.35.2,Apache-2.0 AND LGPL-3.0-or-later,website/package-lock.json
@img/sharp-win32-ia32,0.35.4,Apache-2.0 AND LGPL-3.0-or-later,website/package-lock.json
@img/sharp-win32-x64,0.35.2,Apache-2.0 AND LGPL-3.0-or-later,website/package-lock.json
@img/sharp-win32-x64,0.35.4,Apache-2.0 AND LGPL-3.0-or-later,website/package-lock.json
@jridgewell/resolve-uri,3.1.2,MIT,website/package-lock.json
@jridgewell/sourcemap-codec,1.5.5,MIT,website/package-lock.json
@jridgewell/trace-mapping,0.3.9,MIT,website/package-lock.json
@napi-rs/wasm-runtime,1.2.3,MIT,website/package-lock.json
@oslojs/encoding,1.1.0,MIT,website/package-lock.json
@oxc-project/types,0.147.0,MIT,website/package-lock.json
@playwright/test,1.62.1,Apache-2.0,website/package-lock.json
@poppinss/colors,4.1.6,MIT,website/package-lock.json
@poppinss/dumper,0.6.5,MIT,website/package-lock.json
@poppinss/exception,1.2.3,MIT,website/package-lock.json
@rolldown/binding-android-arm-eabi,1.2.6,MIT,website/package-lock.json
@rolldown/binding-android-arm64,1.2.6,MIT,website/package-lock.json
@rolldown/binding-darwin-arm64,1.2.6,MIT,website/package-lock.json
@rolldown/binding-darwin-x64,1.2.6,MIT,website/package-lock.json
@rolldown/binding-freebsd-x64,1.2.6,MIT,website/package-lock.json
@rolldown/binding-linux-arm-gnueabihf,1.2.6,MIT,website/package-lock.json
@rolldown/binding-linux-arm64-gnu,1.2.6,MIT,website/package-lock.json
@rolldown/binding-linux-arm64-musl,1.2.6,MIT,website/package-lock.json
@rolldown/binding-linux-ppc64-gnu,1.2.6,MIT,website/package-lock.json
@rolldown/binding-linux-s390x-gnu,1.2.6,MIT,website/package-lock.json
@rolldown/binding-linux-x64-gnu,1.2.6,MIT,website/package-lock.json
@rolldown/binding-linux-x64-musl,1.2.6,MIT,website/package-lock.json
@rolldown/binding-openharmony-arm64,1.2.6,MIT,website/package-lock.json
@rolldown/binding-win32-arm64-msvc,1.2.6,MIT,website/package-lock.json
@rolldown/binding-win32-x64-msvc,1.2.6,MIT,website/package-lock.json
@rolldown/pluginutils,1.0.1,MIT,website/package-lock.json
@shikijs/core,4.4.3,MIT,website/package-lock.json
@shikijs/engine-javascript,4.4.3,MIT,website/package-lock.json
@shikijs/engine-oniguruma,4.4.3,MIT,website/package-lock.json
@shikijs/langs,4.4.3,MIT,website/package-lock.json
@shikijs/primitive,4.4.3,MIT,website/package-lock.json
@shikijs/themes,4.4.3,MIT,website/package-lock.json
@shikijs/types,4.4.3,MIT,website/package-lock.json
@shikijs/vscode-textmate,10.0.2,MIT,website/package-lock.json
@sindresorhus/is,7.2.0,MIT,website/package-lock.json
@speed-highlight/core,1.2.24,CC0-1.0,website/package-lock.json
@standard-schema/spec,1.1.0,MIT,website/package-lock.json
@tybys/wasm-util,0.10.3,MIT,website/package-lock.json
@types/chai,5.2.3,MIT,website/package-lock.json
@types/deep-eql,4.0.2,MIT,website/package-lock.json
@types/esrecurse,4.3.1,MIT,website/package-lock.json
@types/estree,1.0.9,MIT,website/package-lock.json
@types/estree-jsx,1.0.5,MIT,website/package-lock.json
@types/hast,3.0.5,MIT,website/package-lock.json
@types/json-schema,7.0.15,MIT,website/package-lock.json
@types/mdast,4.0.4,MIT,website/package-lock.json
@types/nlcst,2.0.3,MIT,website/package-lock.json
@types/node,26.4.0,MIT,website/package-lock.json
@types/unist,3.0.3,MIT,website/package-lock.json
@typescript-eslint/eslint-plugin,8.68.0,MIT,website/package-lock.json
@typescript-eslint/parser,8.68.0,MIT,website/package-lock.json
@typescript-eslint/project-service,8.68.0,MIT,website/package-lock.json
@typescript-eslint/scope-manager,8.68.0,MIT,website/package-lock.json
@typescript-eslint/tsconfig-utils,8.68.0,MIT,website/package-lock.json
@typescript-eslint/type-utils,8.68.0,MIT,website/package-lock.json
@typescript-eslint/types,8.68.0,MIT,website/package-lock.json
@typescript-eslint/typescript-estree,8.68.0,MIT,website/package-lock.json
@typescript-eslint/utils,8.68.0,MIT,website/package-lock.json
@typescript-eslint/visitor-keys,8.68.0,MIT,website/package-lock.json
@ungap/structured-clone,1.4.0,ISC,website/package-lock.json
@vitest/expect,4.1.11,MIT,website/package-lock.json
@vitest/mocker,4.1.11,MIT,website/package-lock.json
@vitest/pretty-format,4.1.11,MIT,website/package-lock.json
@vitest/runner,4.1.11,MIT,website/package-lock.json
@vitest/snapshot,4.1.11,MIT,website/package-lock.json
@vitest/spy,4.1.11,MIT,website/package-lock.json
@vitest/utils,4.1.11,MIT,website/package-lock.json
@volar/kit,2.4.28,MIT,website/package-lock.json
@volar/language-core,2.4.28,MIT,website/package-lock.json
@volar/language-server,2.4.28,MIT,website/package-lock.json
@volar/language-service,2.4.28,MIT,website/package-lock.json
@volar/source-map,2.4.28,MIT,website/package-lock.json
@volar/typescript,2.4.28,MIT,website/package-lock.json
@vscode/emmet-helper,2.11.0,MIT,website/package-lock.json
@vscode/l10n,0.0.18,MIT,website/package-lock.json
acorn,8.18.0,MIT,website/package-lock.json
acorn-jsx,5.3.2,MIT,website/package-lock.json
ajv,6.15.0,MIT,website/package-lock.json
ajv,8.20.0,MIT,website/package-lock.json
ajv-draft-04,1.0.0,MIT,website/package-lock.json
ajv-i18n,4.2.0,MIT,website/package-lock.json
am-i-vibing,0.4.0,MIT,website/package-lock.json
ansi-regex,6.3.0,MIT,website/package-lock.json
ansi-styles,6.2.3,MIT,website/package-lock.json
anymatch,3.1.3,ISC,website/package-lock.json
argparse,2.0.1,Python-2.0,website/package-lock.json
aria-query,5.3.2,Apache-2.0,website/package-lock.json
assertion-error,2.0.1,MIT,website/package-lock.json
astro,7.2.8,MIT,website/package-lock.json
astro-eslint-parser,3.1.0,MIT,website/package-lock.json
axe-core,4.13.0,MPL-2.0,website/package-lock.json
axobject-query,4.1.0,Apache-2.0,website/package-lock.json
bail,2.0.2,MIT,website/package-lock.json
balanced-match,4.0.4,MIT,website/package-lock.json
blake3-wasm,2.1.5,MIT,website/package-lock.json
boolbase,1.0.0,ISC,website/package-lock.json
brace-expansion,5.0.9,MIT,website/package-lock.json
ccount,2.0.1,MIT,website/package-lock.json
chai,6.2.2,MIT,website/package-lock.json
character-entities-html4,2.1.0,MIT,website/package-lock.json
character-entities-legacy,3.0.0,MIT,website/package-lock.json
chokidar,4.0.3,MIT,website/package-lock.json
chokidar,5.0.0,MIT,website/package-lock.json
ci-info,4.4.0,MIT,website/package-lock.json
cliui,9.0.1,ISC,website/package-lock.json
clsx,2.1.1,MIT,website/package-lock.json
comma-separated-tokens,2.0.3,MIT,website/package-lock.json
commander,11.1.0,MIT,website/package-lock.json
common-ancestor-path,2.0.0,BlueOak-1.0.0,website/package-lock.json
convert-source-map,2.0.0,MIT,website/package-lock.json
cookie,1.1.1,MIT,website/package-lock.json
cookie,2.0.1,MIT,website/package-lock.json
cookie-es,1.2.3,MIT,website/package-lock.json
cross-spawn,7.0.6,MIT,website/package-lock.json
crossws,0.3.5,MIT,website/package-lock.json
css-select,6.0.0,BSD-2-Clause,website/package-lock.json
css-tree,2.2.1,MIT,website/package-lock.json
css-tree,3.2.1,MIT,website/package-lock.json
css-what,7.0.0,BSD-2-Clause,website/package-lock.json
cssesc,3.0.0,MIT,website/package-lock.json
csso,5.0.5,MIT,website/package-lock.json
debug,4.4.3,MIT,website/package-lock.json
deep-is,0.1.4,MIT,website/package-lock.json
defu,6.1.7,MIT,website/package-lock.json
dequal,2.0.3,MIT,website/package-lock.json
destr,2.0.5,MIT,website/package-lock.json
detect-libc,2.1.2,Apache-2.0,website/package-lock.json
devalue,5.9.2,MIT,website/package-lock.json
devlop,1.1.0,MIT,website/package-lock.json
diff,9.0.0,BSD-3-Clause,website/package-lock.json
dom-serializer,2.0.0,MIT,website/package-lock.json
domelementtype,2.3.0,BSD-2-Clause,website/package-lock.json
domhandler,5.0.3,BSD-2-Clause,website/package-lock.json
domutils,3.2.2,BSD-2-Clause,website/package-lock.json
dset,3.1.4,MIT,website/package-lock.json
emmet,2.4.11,MIT,website/package-lock.json
emoji-regex,10.6.0,MIT,website/package-lock.json
entities,4.5.0,BSD-2-Clause,website/package-lock.json
error-stack-parser-es,1.0.5,MIT,website/package-lock.json
es-module-lexer,2.3.2,MIT,website/package-lock.json
esbuild,0.28.1,MIT,website/package-lock.json
esbuild,0.28.2,MIT,website/package-lock.json
escalade,3.2.0,MIT,website/package-lock.json
escape-string-regexp,4.0.0,MIT,website/package-lock.json
eslint,10.9.1,MIT,website/package-lock.json
eslint-plugin-astro,3.1.0,MIT,website/package-lock.json
eslint-scope,9.1.2,BSD-2-Clause,website/package-lock.json
eslint-visitor-keys,3.4.3,Apache-2.0,website/package-lock.json
eslint-visitor-keys,5.0.1,Apache-2.0,website/package-lock.json
espree,11.2.0,BSD-2-Clause,website/package-lock.json
esquery,1.7.0,BSD-3-Clause,website/package-lock.json
esrecurse,4.3.0,BSD-2-Clause,website/package-lock.json
estraverse,5.3.0,BSD-2-Clause,website/package-lock.json
estree-walker,3.0.3,MIT,website/package-lock.json
esutils,2.0.3,BSD-2-Clause,website/package-lock.json
eventemitter3,5.0.4,MIT,website/package-lock.json
expect-type,1.4.0,Apache-2.0,website/package-lock.json
extend,3.0.2,MIT,website/package-lock.json
fast-deep-equal,3.1.3,MIT,website/package-lock.json
fast-json-stable-stringify,2.1.0,MIT,website/package-lock.json
fast-levenshtein,2.0.6,MIT,website/package-lock.json
fast-string-truncated-width,3.0.3,MIT,website/package-lock.json
fast-string-width,3.0.2,MIT,website/package-lock.json
fast-uri,3.1.6,BSD-3-Clause,website/package-lock.json
fast-wrap-ansi,0.2.2,MIT,website/package-lock.json
fdir,6.5.0,MIT,website/package-lock.json
file-entry-cache,8.0.0,MIT,website/package-lock.json
find-proc,0.1.0,MIT,website/package-lock.json
find-up,5.0.0,MIT,website/package-lock.json
flat-cache,4.0.1,MIT,website/package-lock.json
flatted,3.4.4,ISC,website/package-lock.json
flattie,1.1.1,MIT,website/package-lock.json
fontace,0.4.1,MIT,website/package-lock.json
fontkitten,1.0.3,MIT,website/package-lock.json
fsevents,2.3.2,MIT,website/package-lock.json
fsevents,2.3.3,MIT,website/package-lock.json
get-caller-file,2.0.5,ISC,website/package-lock.json
get-east-asian-width,1.6.0,MIT,website/package-lock.json
get-tsconfig,5.0.0-beta.4,MIT,website/package-lock.json
github-slugger,2.0.0,ISC,website/package-lock.json
glob-parent,6.0.2,ISC,website/package-lock.json
globals,17.11.0,MIT,website/package-lock.json
h3,1.15.11,MIT,website/package-lock.json
hast-util-to-html,9.0.5,MIT,website/package-lock.json
hast-util-whitespace,3.0.0,MIT,website/package-lock.json
html-escaper,3.0.3,MIT,website/package-lock.json
html-void-elements,3.0.0,MIT,website/package-lock.json
http-cache-semantics,4.2.0,BSD-2-Clause,website/package-lock.json
ignore,5.3.2,MIT,website/package-lock.json
ignore,7.0.6,MIT,website/package-lock.json
imurmurhash,0.1.4,MIT,website/package-lock.json
iron-webcrypto,1.2.1,MIT,website/package-lock.json
is-docker,4.0.0,MIT,website/package-lock.json
is-extglob,2.1.1,MIT,website/package-lock.json
is-glob,4.0.3,MIT,website/package-lock.json
is-plain-obj,4.1.0,MIT,website/package-lock.json
isexe,2.0.0,ISC,website/package-lock.json
js-yaml,4.3.2,MIT,website/package-lock.json
json-buffer,3.0.1,MIT,website/package-lock.json
json-schema-traverse,0.4.1,MIT,website/package-lock.json
json-schema-traverse,1.0.0,MIT,website/package-lock.json
json-stable-stringify-without-jsonify,1.0.1,MIT,website/package-lock.json
jsonc-parser,2.3.1,MIT,website/package-lock.json
jsonc-parser,3.3.1,MIT,website/package-lock.json
keyv,4.5.4,MIT,website/package-lock.json
kleur,4.1.5,MIT,website/package-lock.json
levn,0.4.1,MIT,website/package-lock.json
lightningcss,1.33.0,MPL-2.0,website/package-lock.json
lightningcss-android-arm64,1.33.0,MPL-2.0,website/package-lock.json
lightningcss-darwin-arm64,1.33.0,MPL-2.0,website/package-lock.json
lightningcss-darwin-x64,1.33.0,MPL-2.0,website/package-lock.json
lightningcss-freebsd-x64,1.33.0,MPL-2.0,website/package-lock.json
lightningcss-linux-arm-gnueabihf,1.33.0,MPL-2.0,website/package-lock.json
lightningcss-linux-arm64-gnu,1.33.0,MPL-2.0,website/package-lock.json
lightningcss-linux-arm64-musl,1.33.0,MPL-2.0,website/package-lock.json
lightningcss-linux-x64-gnu,1.33.0,MPL-2.0,website/package-lock.json
lightningcss-linux-x64-musl,1.33.0,MPL-2.0,website/package-lock.json
lightningcss-win32-arm64-msvc,1.33.0,MPL-2.0,website/package-lock.json
lightningcss-win32-x64-msvc,1.33.0,MPL-2.0,website/package-lock.json
locate-path,6.0.0,MIT,website/package-lock.json
lru-cache,11.5.2,BlueOak-1.0.0,website/package-lock.json
magic-string,0.30.21,MIT,website/package-lock.json
magic-string,1.2.3,MIT,website/package-lock.json
magicast,0.5.4,MIT,website/package-lock.json
mdast-util-to-hast,13.2.1,MIT,website/package-lock.json
mdn-data,2.0.28,CC0-1.0,website/package-lock.json
mdn-data,2.27.1,CC0-1.0,website/package-lock.json
micromark-util-character,2.1.1,MIT,website/package-lock.json
micromark-util-encode,2.0.1,MIT,website/package-lock.json
micromark-util-sanitize-uri,2.0.1,MIT,website/package-lock.json
micromark-util-symbol,2.0.1,MIT,website/package-lock.json
micromark-util-types,2.0.2,MIT,website/package-lock.json
miniflare,5.20260831.0-alpha,MIT,website/package-lock.json
minimatch,10.2.6,BlueOak-1.0.0,website/package-lock.json
mrmime,2.0.1,MIT,website/package-lock.json
ms,2.1.3,MIT,website/package-lock.json
muggle-string,0.4.1,MIT,website/package-lock.json
nanoid,3.3.18,MIT,website/package-lock.json
natural-compare,1.4.0,MIT,website/package-lock.json
neotraverse,1.0.1,MIT,website/package-lock.json
nlcst-to-string,4.0.0,MIT,website/package-lock.json
node-fetch-native,1.6.7,MIT,website/package-lock.json
node-mock-http,1.0.5,MIT,website/package-lock.json
normalize-path,3.0.0,MIT,website/package-lock.json
nth-check,2.1.1,BSD-2-Clause,website/package-lock.json
obug,2.1.4,MIT,website/package-lock.json
ofetch,1.5.1,MIT,website/package-lock.json
ohash,2.0.12,MIT,website/package-lock.json
oniguruma-parser,0.12.2,MIT,website/package-lock.json
oniguruma-to-es,4.3.6,MIT,website/package-lock.json
optionator,0.9.4,MIT,website/package-lock.json
p-limit,3.1.0,MIT,website/package-lock.json
p-limit,7.3.1,MIT,website/package-lock.json
p-locate,5.0.0,MIT,website/package-lock.json
p-queue,9.3.3,MIT,website/package-lock.json
p-timeout,7.0.1,MIT,website/package-lock.json
package-manager-detector,1.8.0,MIT,website/package-lock.json
path-browserify,1.0.1,MIT,website/package-lock.json
path-exists,4.0.0,MIT,website/package-lock.json
path-key,3.1.1,MIT,website/package-lock.json
path-to-regexp,6.3.0,MIT,website/package-lock.json
pathe,2.0.3,MIT,website/package-lock.json
piccolore,0.1.3,ISC,website/package-lock.json
picocolors,1.1.1,ISC,website/package-lock.json
picomatch,2.3.2,MIT,website/package-lock.json
picomatch,4.0.7,MIT,website/package-lock.json
playwright,1.62.1,Apache-2.0,website/package-lock.json
playwright-core,1.62.1,Apache-2.0,website/package-lock.json
postcss,8.5.26,MIT,website/package-lock.json
postcss-selector-parser,7.1.5,MIT,website/package-lock.json
prelude-ls,1.2.1,MIT,website/package-lock.json
prettier,3.9.6,MIT,website/package-lock.json
prismjs,1.30.0,MIT,website/package-lock.json
process-ancestry,0.1.0,MIT,website/package-lock.json
property-information,7.2.0,MIT,website/package-lock.json
punycode,2.3.1,MIT,website/package-lock.json
radix3,1.1.2,MIT,website/package-lock.json
readdirp,4.1.2,MIT,website/package-lock.json
readdirp,5.1.1,MIT,website/package-lock.json
regex,6.1.0,MIT,website/package-lock.json
regex-recursion,6.0.2,MIT,website/package-lock.json
regex-utilities,2.3.0,MIT,website/package-lock.json
request-light,0.5.8,MIT,website/package-lock.json
request-light,0.7.0,MIT,website/package-lock.json
require-from-string,2.0.2,MIT,website/package-lock.json
resolve-pkg-maps,1.0.0,MIT,website/package-lock.json
retext-smartypants,6.2.0,MIT,website/package-lock.json
rolldown,1.2.6,MIT,website/package-lock.json
satteri,0.10.5,MIT,website/package-lock.json
sax,1.6.1,BlueOak-1.0.0,website/package-lock.json
semver,7.8.5,ISC,website/package-lock.json
sharp,0.35.2,Apache-2.0,website/package-lock.json
sharp,0.35.4,Apache-2.0,website/package-lock.json
shebang-command,2.0.0,MIT,website/package-lock.json
shebang-regex,3.0.0,MIT,website/package-lock.json
shiki,4.4.3,MIT,website/package-lock.json
siginfo,2.0.0,ISC,website/package-lock.json
sisteransi,1.0.5,MIT,website/package-lock.json
smol-toml,1.8.0,BSD-3-Clause,website/package-lock.json
source-map-js,1.2.1,BSD-3-Clause,website/package-lock.json
space-separated-tokens,2.0.2,MIT,website/package-lock.json
stackback,0.0.2,MIT,website/package-lock.json
std-env,4.2.0,MIT,website/package-lock.json
string-width,7.2.0,MIT,website/package-lock.json
string-width,8.2.2,MIT,website/package-lock.json
stringify-entities,4.0.4,MIT,website/package-lock.json
strip-ansi,7.2.0,MIT,website/package-lock.json
supports-color,10.2.2,MIT,website/package-lock.json
svgo,4.1.0,MIT,website/package-lock.json
tiny-inflate,1.0.3,MIT,website/package-lock.json
tinybench,2.9.0,MIT,website/package-lock.json
tinyclip,0.1.15,MIT,website/package-lock.json
tinyexec,1.3.0,MIT,website/package-lock.json
tinyglobby,0.2.17,MIT,website/package-lock.json
tinyrainbow,3.1.1,MIT,website/package-lock.json
trim-lines,3.0.1,MIT,website/package-lock.json
trough,2.2.0,MIT,website/package-lock.json
ts-api-utils,2.5.0,MIT,website/package-lock.json
tslib,2.8.1,0BSD,website/package-lock.json
type-check,0.4.0,MIT,website/package-lock.json
typesafe-path,0.2.2,MIT,website/package-lock.json
typescript,6.0.2,Apache-2.0,website/package-lock.json
typescript-auto-import-cache,0.3.6,MIT,website/package-lock.json
typescript-eslint,8.68.0,MIT,website/package-lock.json
ufo,1.6.4,MIT,website/package-lock.json
ultrahtml,1.7.0,MIT,website/package-lock.json
uncrypto,0.1.3,MIT,website/package-lock.json
undici,7.29.0,MIT,website/package-lock.json
undici,8.10.0,MIT,website/package-lock.json
undici-types,8.3.0,MIT,website/package-lock.json
unenv,2.0.0-rc.24,MIT,website/package-lock.json
unified,11.0.5,MIT,website/package-lock.json
unifont,0.7.5,MIT,website/package-lock.json
unist-util-is,6.0.1,MIT,website/package-lock.json
unist-util-position,5.0.0,MIT,website/package-lock.json
unist-util-stringify-position,4.0.0,MIT,website/package-lock.json
unist-util-visit,5.1.0,MIT,website/package-lock.json
unist-util-visit-parents,6.0.2,MIT,website/package-lock.json
unstorage,1.17.5,MIT,website/package-lock.json
uri-js,4.4.1,BSD-2-Clause,website/package-lock.json
util-deprecate,1.0.2,MIT,website/package-lock.json
vfile,6.0.3,MIT,website/package-lock.json
vfile-message,4.0.3,MIT,website/package-lock.json
vite,8.2.2,MIT,website/package-lock.json
vitefu,1.1.3,MIT,website/package-lock.json
vitest,4.1.11,MIT,website/package-lock.json
volar-service-css,0.0.71,MIT,website/package-lock.json
volar-service-emmet,0.0.71,MIT,website/package-lock.json
volar-service-html,0.0.71,MIT,website/package-lock.json
volar-service-prettier,0.0.71,MIT,website/package-lock.json
volar-service-typescript,0.0.71,MIT,website/package-lock.json
volar-service-typescript-twoslash-queries,0.0.71,MIT,website/package-lock.json
volar-service-yaml,0.0.71,MIT,website/package-lock.json
vscode-css-languageservice,6.3.10,MIT,website/package-lock.json
vscode-html-languageservice,5.6.2,MIT,website/package-lock.json
vscode-json-languageservice,4.1.8,MIT,website/package-lock.json
vscode-jsonrpc,8.2.0,MIT,website/package-lock.json
vscode-jsonrpc,9.0.1,MIT,website/package-lock.json
vscode-languageserver,9.0.1,MIT,website/package-lock.json
vscode-languageserver-protocol,3.17.5,MIT,website/package-lock.json
vscode-languageserver-protocol,3.18.2,MIT,website/package-lock.json
vscode-languageserver-textdocument,1.0.14,MIT,website/package-lock.json
vscode-languageserver-types,3.17.5,MIT,website/package-lock.json
vscode-languageserver-types,3.18.0,MIT,website/package-lock.json
vscode-nls,5.2.0,MIT,website/package-lock.json
vscode-uri,3.2.0,MIT,website/package-lock.json
which,2.0.2,ISC,website/package-lock.json
why-is-node-running,2.3.0,MIT,website/package-lock.json
word-wrap,1.2.5,MIT,website/package-lock.json
workerd,1.20260831.1,Apache-2.0,website/package-lock.json
wrangler,4.128.0,MIT OR Apache-2.0,website/package-lock.json
wrap-ansi,9.0.2,MIT,website/package-lock.json
ws,8.21.0,MIT,website/package-lock.json
xxhash-wasm,1.1.0,MIT,website/package-lock.json
y18n,5.0.8,ISC,website/package-lock.json
yaml,2.8.3,ISC,website/package-lock.json
yaml,2.9.0,ISC,website/package-lock.json
yaml-language-server,1.23.0,MIT,website/package-lock.json
yargs,18.1.0,MIT,website/package-lock.json
yargs-parser,22.0.0,ISC,website/package-lock.json
yocto-queue,0.1.0,MIT,website/package-lock.json
yocto-queue,1.2.2,MIT,website/package-lock.json
youch,4.1.0-beta.10,MIT,website/package-lock.json
youch-core,0.3.3,MIT,website/package-lock.json
zod,4.4.3,MIT,website/package-lock.json
zwitch,2.0.4,MIT,website/package-lock.json
